Workbook

Sheet 수수료 정산 내역서
A1: =$J$37 -> 0
A2: =$K$37 -> 0 | C2: ㈜수석네트웍스 수수료 정산 내역서
A3: =$L$37 -> 0
J6: 판매점 | K6: =정산리스트!G5 -> 0
C9: 1. 모바일 판매 실적 현황
H10: *중고,2ND 제외
C11: 모바일 | D11: 신규 | E11: MNP | F11: 재가입 | G11: 정책기변 | H11: 합계 | I11: 중고 | J11: 2ND | L11: 모바일 수수료 합계금
C12: 실적 | D12: =COUNTIFS(정산리스트!$G:$G,'수수료 정산 내역서'!$K$6,정산리스트!$O:$O,'수수료 정산 내역서'!D11)-$I$12-$J$12 -> 0 | E12: =COUNTIFS(정산리스트!$G:$G,'수수료 정산 내역서'!$K$6,정산리스트!$O:$O,'수수료 정산 내역서'!E11) -> 0 | F12: =COUNTIFS(정산리스트!$G:$G,'수수료 정산 내역서'!$K$6,정산리스트!$O:$O,'수수료 정산 내역서'!F11) -> 0 | G12: =COUNTIFS(정산리스트!$G:$G,'수수료 정산 내역서'!$K$6,정산리스트!$O:$O,'수수료 정산 내역서'!G11) -> 0 | H12: =SUM(D12:G12) -> 0 | I12: =COUNTIFS(정산리스트!$G:$G,'수수료 정산 내역서'!$K$6,정산리스트!$O:$O,'수수료 정산 내역서'!I11) -> 0 | J12: =COUNTIFS(정산리스트!$G:$G,'수수료 정산 내역서'!$K$6,정산리스트!$O:$O,'수수료 정산 내역서'!J11) -> 0 | L12: =SUM(정산리스트!AX10:AX5000) -> 0
C15: 2. 홈상품 판매 실적 현황
C17: 홈 | D17: TV | E17: IoT | F17: 재약정 | G17: 후결합 | H17: 소호 | L17: 홈 상품 수수료 합계금
L18: =홈정산!AD3 -> 0
C21: 3. 유심 현황
C23: 분출 수량 | D23: 판매 수량 | E23: 잔여 개수 | K23: 유심 분출 합계금 | L23: 유심 지급 합계금
C24: 0 | D24: =SUM(정산리스트!$C:$C) -> 0 | E24: =C24-D24 -> 0 | K24: =C24*7700 -> 0 | L24: =D24*7700 -> 0
C27: 3. 수수료 제외 내역
C28: 이상영업 | D28: 단말이상 | E28: =단말이상!L3 -> 0 | L28: 수수료 제외 합계금
D29: 단기해지 | E29: =SUMIF(환수내용!$B$3:$Q$484,"단기해지",환수내용!$O$3:$O$484) -> 0 | L29: =IFERROR(SUM(E28:F35),"0") -> 0
D30: 가개통 | E30: =SUMIF(환수내용!$B$3:$Q$484,"가개통",환수내용!$O$3:$O$484) -> 0
C31: 요금제하향 | D31: 기간내 요금제 하향 | E31: =SUMIF(환수내용!$B$3:$Q$484,"요금제변경",환수내용!$O$3:$O$484) -> 0 | L31: 홈 비중 달성금
C32: 부가서비스 기한 내 해지 | D32: 기간내 해지 | E32: =SUMIF(환수내용!$B$3:$Q$484,"부가서비스 해지",환수내용!$O$3:$O$484) -> 0
C33: 민원 | D33: 2차 불만콜 | E33: =SUMIF(환수내용!$B$3:$Q$484,"2차 불만콜",환수내용!$O$3:$O$484) -> 0
C34: 스캔반환 | E34: =SUMIF(환수내용!$B$3:$Q$484,"스캔반환",환수내용!$O$3:$O$484) -> 0
D36: 매입 | E36: 매출 | F36: 금액 | J36: 매입금액 | K36: 총 계산서 금액 | L36: 총 정산 금액
C37: 소급분 | D37: =소급분!$U$4 -> 0 | E37: =소급분!$V$4 -> 0 | F37: =소급분!$W$4 -> 0 | J37: =SUM(정산리스트!AU10:AU5000)+K24+D37 -> 0 | K37: =SUM(정산리스트!AY10:AY5000)+L18+L24+L29+L32+E37 -> 0 | L37: =L12+L18+L24+L29+L32-K24+F37 -> 0
C39: ※이달 정산금 지급일은 20일(토) 입니다.

Sheet 정산리스트
G2: ㈜수석네트웍스 정산리스트
G5: =G10 -> 0 | R5: 워치 모단말115 추가 | AE5: 폰교체패스
C6: 유심추가 | R6: 버디 요금제차감 | AE6: 폰안심패스 | AG6: V컬러링 음악감상플러스 | AI6: 프리미엄
A7: 숫자 9 클릭 | Q7: 액면OR합산 | R7: 요금제 차감/추가 | AE7: 폰교체슬림 | AG7: 벨링모아 | AI7: 베이직
A8: Ctrl+Shift+L | G8: 필터링 | Q8: =SUM(Q10:Q1048576) -> 0 | R8: =SUM(R10:R1048576) -> 0 | S8: =SUM(S10:S1048576) -> 0 | T8: =SUM(T10:T1048576) -> 0 | AE8: =SUM(AE10:AE1048576) -> 0 | AF8: =SUM(AF10:AF1048576) -> 0 | AG8: =SUM(AG10:AG1048576) -> 0 | AJ8: =SUM(AJ10:AJ1048576) -> 0 | AN8: =SUM(AN10:AN1048576) -> 0 | AU8: =SUM(AU10:AU1048576) -> 0 | AV8: =SUM(AV10:AV1048576) -> 0 | AX8: =SUM(AX10:AX1048576) -> 0 | AY8: =SUM(AY10:AY1048576) -> 0 | AZ8: =SUM(AZ10:AZ1048576) -> 0
A9: Code N | C9: 유심판매 | D9: 단말 일련번호 | E9: 가입번호 | F9: 접수POS명 | G9: 실 판매점명 | H9: 판매일 | I9: 서류접수 | J9: 개통시간 | K9: CTN | L9: 고객명 | M9: 모델 | N9: 최종요금제명 | O9: 가입구분 | P9: 적용정책 | Q9: 액면단가 | R9: 요금제 차감/추가 | S9: 전략모델선택약정차감 | T9: 티빙/멀티팩 차감 | U9: 텍스트추가 | V9: 시간대별추가/ 축소 | W9: 유통망지원금 추가 | X9: MPS | Y9: 月 Gr. | AA9: 가구단위MNP | AB9: 010신규 | AC9: 아이폰16류청소년기변 | AD9: 보험 지급/차감 | AE9: 보험 가입내역 | AF9: V컬 벨링모아 지급/차감 | AG9: V컬 벨링모아 가입내역 | AH9: 영화월정액 지급/차감 | AI9: 영화월정액 가입내역 | AK9: 주말SPOT | AL9: 115선약차감 | AM9: 단기기변 차감 | AN9: 청소년 차감 | AO9: 기변타켓C 차감 | AP9: 비중차감 | AQ9: 정책기변차감 | AR9: 선약 차감 | AS9: MNP수수료 | AT9: 유통망지원금 | AU9: 현금판매금 | AV9: 현금입금 | AW9: 완납 유무 | AX9: 최종 정산금액 | AY9: 계산서금액 | AZ9: 총 R/B
AX10: =IFERROR(SUM(Q10:AS10)-SUM(AT10:AU10)+AV10,"-") -> 0 | AY10: =IFERROR(SUM(Q10:AS10)-SUM(AT10:AT10),"-") -> 0 | AZ10: =SUM(Q10:AS10) -> 0
AX11: =IFERROR(SUM(Q11:AS11)-SUM(AT11:AU11)+AV11,"-") -> 0 | AY11: =IFERROR(SUM(Q11:AS11)-SUM(AT11:AT11),"-") -> 0 | AZ11: =SUM(Q11:AS11) -> 0
AX12: =IFERROR(SUM(Q12:AS12)-SUM(AT12:AU12)+AV12,"-") -> 0 | AY12: =IFERROR(SUM(Q12:AS12)-SUM(AT12:AT12),"-") -> 0 | AZ12: =SUM(Q12:AS12) -> 0
AX13: =IFERROR(SUM(Q13:AS13)-SUM(AT13:AU13)+AV13,"-") -> 0 | AY13: =IFERROR(SUM(Q13:AS13)-SUM(AT13:AT13),"-") -> 0 | AZ13: =SUM(Q13:AS13) -> 0
AX14: =IFERROR(SUM(Q14:AS14)-SUM(AT14:AU14)+AV14,"-") -> 0 | AY14: =IFERROR(SUM(Q14:AS14)-SUM(AT14:AT14),"-") -> 0 | AZ14: =SUM(Q14:AS14) -> 0
AX15: =IFERROR(SUM(Q15:AS15)-SUM(AT15:AU15)+AV15,"-") -> 0 | AY15: =IFERROR(SUM(Q15:AS15)-SUM(AT15:AT15),"-") -> 0 | AZ15: =SUM(Q15:AS15) -> 0
AX16: =IFERROR(SUM(Q16:AS16)-SUM(AT16:AU16)+AV16,"-") -> 0 | AY16: =IFERROR(SUM(Q16:AS16)-SUM(AT16:AT16),"-") -> 0 | AZ16: =SUM(Q16:AS16) -> 0
AX17: =IFERROR(SUM(Q17:AS17)-SUM(AT17:AU17)+AV17,"-") -> 0 | AY17: =IFERROR(SUM(Q17:AS17)-SUM(AT17:AT17),"-") -> 0 | AZ17: =SUM(Q17:AS17) -> 0
AX18: =IFERROR(SUM(Q18:AS18)-SUM(AT18:AU18)+AV18,"-") -> 0 | AY18: =IFERROR(SUM(Q18:AS18)-SUM(AT18:AT18),"-") -> 0 | AZ18: =SUM(Q18:AS18) -> 0
AX19: =IFERROR(SUM(Q19:AS19)-SUM(AT19:AU19)+AV19,"-") -> 0 | AY19: =IFERROR(SUM(Q19:AS19)-SUM(AT19:AT19),"-") -> 0 | AZ19: =SUM(Q19:AS19) -> 0
AX20: =IFERROR(SUM(Q20:AS20)-SUM(AT20:AU20)+AV20,"-") -> 0 | AY20: =IFERROR(SUM(Q20:AS20)-SUM(AT20:AT20),"-") -> 0 | AZ20: =SUM(Q20:AS20) -> 0
AX21: =IFERROR(SUM(Q21:AS21)-SUM(AT21:AU21)+AV21,"-") -> 0 | AY21: =IFERROR(SUM(Q21:AS21)-SUM(AT21:AT21),"-") -> 0 | AZ21: =SUM(Q21:AS21) -> 0
... AX6328: =IFERROR(SUM(Q6328:AS6328)-SUM(AT6328:AU6328)+AV6328,"-") -> 0 | AY6328: =IFERROR(SUM(Q6328:AS6328)-SUM(AT6328:AT6328),"-") -> 0 | AZ6328: =SUM(Q6328:AS6328) -> 0

Sheet 홈정산
B2: 가입구분 | C2: 실판매점 | D2: 고객명 | E2: 고객번호 | F2: 가입번호 | G2: 인터넷 | H2: TV1(요금제&셋탑) | I2: TV2(요금제&셋탑) | J2: 070 & IOT | K2: 가입일 | L2: 설치완료일 | M2: 가입구분 | N2: 원스톱/업셀유무 | O2: 모바일가입번호 | P2: 모바일명의자 | Q2: 신모델/모바일개통일 | R2: 기본R/B | S2: 인터넷요금제 | T2: TV요금제 | U2: 사운드바 | V2: 셋톱추가(부셋탑, IOT, 티비프리) | W2: 원스톱 | X2: 이월설치 | Y2: 유선추가 | Z2: B.Gr | AA2: 합계
AC3: 총 합계 | AD3: =SUM(AA3:AA393) -> 0

Sheet 환수내용
B2: 환수종류 | C2: 가입번호 | E2: 실 판매점명 | F2: 판매일 | G2: 서류접수 | H2: 개통시간 | I2: CTN | J2: 고객명 | K2: 모델 | L2: 최종요금제명 | M2: 가입구분 | N2: 적용정책 | O2: 환수금액 | P2: 해지일/변경일 | Q2: 비고

Sheet 단말이상
B2: 환수종류 | C2: 실 판매점명 | D2: 모델 | E2: 일련번호 | F2: 가입구분 | G2: 적용정책 | H2: 환수금액 | I2: 비고
K3: 총 합계 | L3: =SUM(H3:H150) -> 0

Sheet 소급분
B2: 수정내용 | C2: 가입번호 | E2: 실 판매점명 | F2: 판매일 | G2: 서류접수 | H2: 개통시간 | I2: CTN | J2: 고객명 | K2: 모델 | L2: 최종요금제명 | M2: 가입구분 | N2: 적용정책 | O2: 매입 | P2: 매출 | Q2: 수정금액 | R2: 해지일/변경일 | S2: 비고
U3: 매입 | V3: 매출 | W3: 수정금액
U4: =SUM($O:$O) -> 0 | V4: =SUM($P:$P) -> 0 | W4: =SUM($Q:$Q) -> 0
